{"type": "cutout", "data": {"param_ego_lane_offset_init": [], "param_ego_lane_no_init": [-2, -2, -2, -2, -2, -2, -2, -2, -2, -2, -2, -2, -2, -2, -2, -2, -3, -2, -2, -2, -2, -2, -2, -2, -2, -2, -2, -2, -2, -2, -2, -1, -2, -2, -2, -2, -2, -2, -2, -2, -2, -2, -2, -2, -2, -2, -2, -3, -1, -2, -2, -2, -2, -2, -2, -2, -2, -2, -2, -2, -2, -2], "param_ego_speed_init": [9.413888931274414, 4.213889122009277, 4.7833333015441895, 11.383333206176758, 9.93055534362793, 6.599999904632568, 6.761111259460449, 13.063888549804688, 12.911110877990723, 13.586111068725586, 2.2333333492279053, 10.827777862548828, 1.0527777671813965, 12.922222137451172, 13.227777481079102, 7.880555629730225, 8.497221946716309, 9.574999809265137, 1.0083333253860474, 8.730555534362793, 12.716666221618652, 8.758333206176758, 8.691666603088379, 10.566666603088379, 10.780555725097656, 2.6472222805023193, 11.030555725097656, 11.402777671813965, 8.06944465637207, 8.166666984558105, 8.83055591583252, 11.641666412353516, 10.786110877990723, 9.38888931274414, 10.725000381469727, 10.36111068725586, 10.280555725097656, 1.0472222566604614, 11.405555725097656, 9.127778053283691, 2.8805556297302246, 0.25555557012557983, 12.561111450195312, 12.491666793823242, 5.769444465637207, 2.0722222328186035, 12.316666603088379, 11.175000190734863, 11.288888931274414, 9.022222518920898, 11.286110877990723, 6.413888931274414, 11.061111450195312, 9.51111125946045, 8.358333587646484, 11.880555152893066, 9.524999618530273, 10.649999618530273, 10.33055591583252, 8.027777671813965, 11.050000190734863, 10.038888931274414], "param_adv_lane_offset_start": [0.2500120510165807, -0.21831626991191722, 0.004036143198126119, -0.19105799755232067, 0.10470301161165375, -0.06605071157535274, -0.63316915031117, -0.7163890547561709, 0.12828477617316209, -0.05683822306928209, 0.5057774801413957, 0.03155318476239455, 1.3433070314563027, 0.3924281744562371, -0.3652140105417538, -0.2615302233536591, -0.33953672179941213, -0.41635516973932124, -0.06292520006661598, 0.12164456306659024, 0.18668917382769923, -0.07444269793592513, 0.05429332645112946, 0.3270950586017298, 0.3429840325843214, -0.6549702572892669, 0.2641314762079227, 0.5786955228835682, -0.28006967216876, 1.1476798745032908, -0.3708838073527022, 1.1443819189292008, -0.4213046861276605, -0.2882757509634438, -0.21048741072111524, -0.14213057107126295, -0.127707161164815, 0.5207288547415523, 0.3147982541128295, 0.17997176436062726, -0.034291580030946484, -0.17647741209838141, 0.3707580003024409, 0.1711901317847751, 0.22843848951427534, -0.4193433042852475, 0.1410314997860078, 0.36965724777850517, -0.17122221989877973, 0.02631009311837945, 0.014395120846578235, 0.337079048565475, -0.18546467524468124, 0.298437687632502, -0.38035645321813494, -0.11660093453589687, 0.628421274486777, -0.17183550309556098, 0.26147677911954426, 0.05300144040675037, 0.4564535721386952, 0.3361999025331284], "param_adv_lane_offset_end": [1.0281656518533695, 0.36030208381177836, null, 0.0011898339139208877, 0.4456204601440697, 0.8642373110596636, -0.8356272332936402, null, null, -1.1934596219449451, -0.23806013733011555, 0.9925681933914929, 0.5542772083467472, 0.892702782329162, 1.424824416528108, 0.7165416044090412, -1.0591489656685624, 0.4025656529742892, 0.467677837712725, 0.4290216551688663, 0.13361690203466858, 0.38368223610568114, 0.06333891391020498, 0.6001716358345541, null, -0.11824406089794778, 0.5099865497937479, -0.3405645934315868, 0.6971980869611768, 0.16939102549021715, 0.6350716116474067, 40.88738689919735, 0.36265820227289736, 0.4359987694520692, 0.21064025247623006, 0.6361434795516135, -0.17127723513962528, null, null, 0.08704656305845768, -0.017882952702063467, -0.021430925030129316, null, 0.23539145391340674, -0.0330221706066743, 0.8008156674204344, null, 0.40655214570749804, 0.3389894749969948, 0.9494243883237276, 0.3645608590156125, -197.90552380113667, 0.3574822884231397, -0.8523174011142332, null, -52.300770472124206, 0.43004095193977293, 1.0753575646202889, -0.3491015662362415, 0.6412779724420137, 0.05225796263882111, null], "param_relative_lane_init": [], "param_adv_speed_init": [10.523888945579529, 3.5438891649246216, 5.2833333015441895, 10.763333201408386, 9.810555346310139, 8.359999895095825, 6.021111249923706, 10.393888711929321, 13.411110877990723, 12.586111068725586, 2.7733333110809326, 10.717777863144875, 4.04277777671814, 12.872222140431404, 12.24777752161026, 8.480555593967438, 7.627221941947937, 10.364999771118164, -0.20166659355163574, 6.920555591583252, 13.72666621208191, 9.418333172798157, 9.241666615009308, 11.636666536331177, 11.870555758476257, 2.507222279906273, 11.320555716753006, 11.782777667045593, 10.269444704055786, 8.976666986942291, 9.250555902719498, 9.421666383743286, 12.146110892295837, 10.018889307975769, 9.895000398159027, 10.641110688447952, 10.55055570602417, 1.4672222435474396, 11.285555727779865, 5.477778196334839, 5.99055552482605, 2.4055554270744324, 10.341111421585083, 12.701666787266731, 8.219444513320923, 4.6322221755981445, 10.546666622161865, 10.835000187158585, 10.708888947963715, 10.912222504615784, 11.386110872030258, 5.903888940811157, 11.48111143708229, 12.341111183166504, 9.738333582878113, 12.080555140972137, 11.054999589920044, 10.509999617934227, 10.920555889606476, 9.627777576446533, 12.240000128746033, 10.528888911008835], "param_start_diff": [22.110944822843777, 17.276310405466603, 19.733748515893787, 23.137632026250223, 47.57708999273012, 20.687816208439074, 17.82847555738431, 58.170304377796526, 42.91068567035761, 31.46973002696484, 17.93164356304385, 27.498276442298618, 14.631739836622387, 33.23738632887468, 38.199140117332405, 45.04539197920411, 28.641151779940003, 28.165906486945516, 10.504110744956847, 31.564199156109225, 46.312322535557044, 21.962311943358895, 19.946927217508687, 20.47684457525224, 36.06122550746512, 13.610584572682683, 25.786663660996425, 49.284111401945864, 20.283850607305844, 14.435389825442797, 19.72590719059899, -58.325499456411336, 15.008382626406473, 25.485574208571165, 25.429289887494704, 31.939137208253356, 26.701441665646513, 62.14114302756736, 24.81756611165575, 22.997745063800465, 10.714573979432146, 10.0036265285988, 42.00765398503282, 47.41344896729987, 25.179628217602612, 18.975221031738528, 33.21945346197141, 44.62183598607817, 31.171371321971435, 42.27844237078017, 46.05465843534631, 17.289907682756393, 25.259737436325636, 21.725064943493578, 19.728387134319295, 24.565047743243795, 31.519538527090667, 27.06327835875115, 34.879884382785335, 20.0144036170104, 32.90191304100725, 35.67765013211903], "param_cut_triggering_dist": [24.409438169284073, 15.982350380827484, 21.143370590079726, 22.503849569605364, 42.55619754272695, 30.482918383408048, 17.148815321316306, 50.26401045909151, 42.64663615051734, 29.373818682638756, 25.729689595891614, 28.5043223218388, 15.156054045959081, 33.23738632887468, 38.199140117332405, 41.112916668280775, 25.51601340837675, 28.165906486945516, 10.662589602710455, 24.321154131957655, 49.962690281142386, 22.385767497444128, 20.004242109020424, 23.063125693653433, 42.51388530377906, 15.307879067856561, 23.123859080902605, 49.284111401945864, 28.317718333289378, 22.741513899111993, 19.72590719059899, -71.02642465671119, 18.838501239261944, 23.50670309674308, 23.53049886607657, 33.28940533577229, 27.078368701253794, 68.44760465064925, 24.35171955705131, 24.83849441796258, 12.224606750926796, 17.240156834703924, 39.71478771176109, 49.08119245039677, 33.05478965341996, 21.491975886104655, 28.043090086820882, 39.7934641577948, 21.91990700355109, 48.81109666025341, 50.70023990924966, 20.197549393689656, 25.482343186729167, 44.71256644153323, 21.30997634095067, 27.169103786040978, 32.59012191399463, 31.9174933715949, 26.563744741970226, 33.30454497351218, 32.91389330168312, 36.9423340424687],